PRAGMA foreign_keys=OFF;
BEGIN TRANSACTION;
CREATE TABLE booktitle(numinv TEXT PRIMARY KEY UNIQUE,title TEXT NOT NULL,author TEXT NOT NULL);
INSERT INTO "booktitle" VALUES('1212/17','Analyse Numerique et Programmation','NYENGERI Hippolyte');
INSERT INTO "booktitle" VALUES('gdgdhd','degfdg','fdgdfg');
INSERT INTO "booktitle" VALUES('12323','sads','dasa');
INSERT INTO "booktitle" VALUES('6743','sas','sff');
INSERT INTO "booktitle" VALUES('gfghyr','dsfsd','fdsg');
INSERT INTO "booktitle" VALUES('cs','asdsa','aa');
INSERT INTO "booktitle" VALUES('fregr','refes','gsr');
INSERT INTO "booktitle" VALUES('dsffe','wewew','edsd');
INSERT INTO "booktitle" VALUES('subtitle','sfsafa','sfsefres');
INSERT INTO "booktitle" VALUES('subtp','dweew','defre');
INSERT INTO "booktitle" VALUES('quanttest','ygdd','dgf');
INSERT INTO "booktitle" VALUES('quantitest1','fdfd','dfgfhf');
INSERT INTO "booktitle" VALUES('quanttest2','errte','wewrwe');
INSERT INTO "booktitle" VALUES('quanttest4','sdas','dasad');
INSERT INTO "booktitle" VALUES('acqmodtest','ddfdfd','ddfdgfd');
INSERT INTO "booktitle" VALUES('acqmodtest1','sdsfsd','sfsd');
INSERT INTO "booktitle" VALUES('acqmodtest2','sfdfd','fdfds');
INSERT INTO "booktitle" VALUES('acqmodtest3','ssfdsfds','ssffds');
INSERT INTO "booktitle" VALUES('pubyear','trhhre','fdfdfg');
INSERT INTO "booktitle" VALUES('pubyearnc','fferre','rtrte4');
INSERT INTO "booktitle" VALUES('pubyearc','defewf','dwfw');
INSERT INTO "booktitle" VALUES('test  isbn input','ds','sds');
INSERT INTO "booktitle" VALUES('testisbn','dwqd','dwfd');
INSERT INTO "booktitle" VALUES('testNumInv','sadasd','asdas');
INSERT INTO "booktitle" VALUES('testSansIsbn','dedef','eede');
INSERT INTO "booktitle" VALUES('testSansPrix','fefe','dede');
INSERT INTO "booktitle" VALUES('inv','Titre1','autre');
CREATE TABLE subtitlebook(numinv,subtitle TEXT NOT NULL,PRIMARY KEY(numinv,subtitle));
INSERT INTO "subtitlebook" VALUES('','fegwq');
INSERT INTO "subtitlebook" VALUES('subtitle','Sub title');
INSERT INTO "subtitlebook" VALUES('subtp','subt');
INSERT INTO "subtitlebook" VALUES('test  isbn input','sdsa');
INSERT INTO "subtitlebook" VALUES('testisbn','sasda');
CREATE TABLE bookprice(numinv TEXT PRIMARY KEY UNIQUE,price REAL);
INSERT INTO "bookprice" VALUES('gfghyr',987.09);
INSERT INTO "bookprice" VALUES('fregr',983.98);
INSERT INTO "bookprice" VALUES('subtp',739377.0);
INSERT INTO "bookprice" VALUES('test  isbn input',897.0);
INSERT INTO "bookprice" VALUES('testisbn',345.0);
INSERT INTO "bookprice" VALUES('testSansIsbn',12345.0);
CREATE TABLE publicationyear(numinv TEXT PRIMARY KEY UNIQUE,pubyear DATE);
INSERT INTO "publicationyear" VALUES('pubyearnc','00/00/0000');
INSERT INTO "publicationyear" VALUES('pubyearc','1/10/18');
INSERT INTO "publicationyear" VALUES('test  isbn input','1/15/18');
INSERT INTO "publicationyear" VALUES('testisbn','1/15/18');
INSERT INTO "publicationyear" VALUES('testNumInv','00/00/0000');
INSERT INTO "publicationyear" VALUES('testSansIsbn','00/00/0000');
INSERT INTO "publicationyear" VALUES('testSansPrix','00/00/0000');
INSERT INTO "publicationyear" VALUES('inv','1/17/18');
CREATE TABLE quantitytable(numinv TEXT PRIMARY KEY UNIQUE,quantity INTEGER);
INSERT INTO "quantitytable" VALUES('quanttest',1);
INSERT INTO "quantitytable" VALUES('quantitest1',4);
INSERT INTO "quantitytable" VALUES('quanttest2',3);
INSERT INTO "quantitytable" VALUES('quanttest4',5);
INSERT INTO "quantitytable" VALUES('acqmodtest',1);
INSERT INTO "quantitytable" VALUES('acqmodtest1',1);
INSERT INTO "quantitytable" VALUES('acqmodtest2',1);
INSERT INTO "quantitytable" VALUES('acqmodtest3',1);
INSERT INTO "quantitytable" VALUES('pubyear',1);
INSERT INTO "quantitytable" VALUES('pubyearnc',3);
INSERT INTO "quantitytable" VALUES('pubyearc',1);
INSERT INTO "quantitytable" VALUES('test  isbn input',5);
INSERT INTO "quantitytable" VALUES('testisbn',2);
INSERT INTO "quantitytable" VALUES('testNumInv',1);
INSERT INTO "quantitytable" VALUES('testSansIsbn',1);
INSERT INTO "quantitytable" VALUES('testSansPrix',1);
INSERT INTO "quantitytable" VALUES('inv',3);
CREATE TABLE department(departmenId INTEGER PRIMARY KEY AUTOINCREMENT,departmentName TEXT);
INSERT INTO "department" VALUES(1,'Departement de Biologie');
INSERT INTO "department" VALUES(2,'Departement de Chimie');
INSERT INTO "department" VALUES(4,'Section Polytechnique');
INSERT INTO "department" VALUES(5,'Departement des Sciences de la Terre');
CREATE TABLE actiontable(idx INTEGER PRIMARY KEY AUTOINCREMENT, actionName TEXT);
INSERT INTO "actiontable" VALUES(1,'Selectionner une action');
INSERT INTO "actiontable" VALUES(2,'Emprunt');
INSERT INTO "actiontable" VALUES(3,'Remise');
CREATE TABLE acquisitiontable(numinv TEXT NOT NULL,acquisitionmode INTEGER,PRIMARY KEY(numinv,acquisitionmode),
FOREIGN KEY(numinv) REFERENCES booktitle);
INSERT INTO "acquisitiontable" VALUES('',1);
INSERT INTO "acquisitiontable" VALUES('acqmodtest',2);
INSERT INTO "acquisitiontable" VALUES('acqmodtest1',3);
INSERT INTO "acquisitiontable" VALUES('acqmodtest2',1);
INSERT INTO "acquisitiontable" VALUES('acqmodtest3',3);
INSERT INTO "acquisitiontable" VALUES('pubyear',1);
INSERT INTO "acquisitiontable" VALUES('pubyearnc',2);
INSERT INTO "acquisitiontable" VALUES('pubyearc',1);
INSERT INTO "acquisitiontable" VALUES('test  isbn input',3);
INSERT INTO "acquisitiontable" VALUES('testisbn',3);
INSERT INTO "acquisitiontable" VALUES('testNumInv',1);
INSERT INTO "acquisitiontable" VALUES('testSansIsbn',2);
INSERT INTO "acquisitiontable" VALUES('testSansPrix',2);
INSERT INTO "acquisitiontable" VALUES('inv',2);
CREATE TABLE modeacquisitionindextable(modeindex INTEGER AUTO INCREMENT, modeacq TEXT UNIQUE);
INSERT INTO "modeacquisitionindextable" VALUES(1,'Achat');
INSERT INTO "modeacquisitionindextable" VALUES(2,'Don');
INSERT INTO "modeacquisitionindextable" VALUES(3,'Leg');
CREATE TABLE cataloguetable(numinv TEXT NOT NULL,cote TEXT NOT NULL, bootypeId INTEGER,localisationId INTEGER);
INSERT INTO "cataloguetable" VALUES('cs','kkkjj',2,3);
INSERT INTO "cataloguetable" VALUES('cs','kkkjj',3,3);
INSERT INTO "cataloguetable" VALUES('cs','kkkjj',3,3);
INSERT INTO "cataloguetable" VALUES('cs','kkkjj',3,3);
INSERT INTO "cataloguetable" VALUES('subtp','POURE test',2,3);
INSERT INTO "cataloguetable" VALUES('cs','126/987',1,3);
INSERT INTO "cataloguetable" VALUES('cs','23/9832',1,3);
INSERT INTO "cataloguetable" VALUES('cs','23/9832',1,3);
INSERT INTO "cataloguetable" VALUES('cs','6353/987',2,3);
INSERT INTO "cataloguetable" VALUES('cs','65/0987',1,3);
INSERT INTO "cataloguetable" VALUES('cs','53/98773',1,3);
INSERT INTO "cataloguetable" VALUES('cs','76/98',0,3);
INSERT INTO "cataloguetable" VALUES('cs','76/98',0,3);
INSERT INTO "cataloguetable" VALUES('cs','76/98',2,3);
INSERT INTO "cataloguetable" VALUES('cs','76/98',3,3);
INSERT INTO "cataloguetable" VALUES('inv','654/18',2,3);
INSERT INTO "cataloguetable" VALUES('quanttest4','34/758',1,3);
INSERT INTO "cataloguetable" VALUES('testSansPrix','34354/875',0,3);
INSERT INTO "cataloguetable" VALUES('pubyearc','43543',0,3);
INSERT INTO "cataloguetable" VALUES('pubyearnc','435345',0,3);
INSERT INTO "cataloguetable" VALUES('pubyearnc','435345',0,3);
INSERT INTO "cataloguetable" VALUES('pubyearnc','435345',0,3);
INSERT INTO "cataloguetable" VALUES('pubyearnc','5643',0,3);
INSERT INTO "cataloguetable" VALUES('pubyearnc','5643',0,3);
INSERT INTO "cataloguetable" VALUES('pubyearnc','324214',0,3);
INSERT INTO "cataloguetable" VALUES('pubyearnc','324214',0,3);
INSERT INTO "cataloguetable" VALUES('pubyearnc','987/987',0,3);
INSERT INTO "cataloguetable" VALUES('pubyearnc','987/987',1,3);
INSERT INTO "cataloguetable" VALUES('pubyearnc','13/764',0,3);
INSERT INTO "cataloguetable" VALUES('pubyearnc','2343fr',0,3);
INSERT INTO "cataloguetable" VALUES('pubyearnc','2343fr',0,3);
INSERT INTO "cataloguetable" VALUES('pubyearnc','2343fr',0,3);
INSERT INTO "cataloguetable" VALUES('pubyearnc','2343fr',0,3);
INSERT INTO "cataloguetable" VALUES('pubyearnc','23fr',0,3);
INSERT INTO "cataloguetable" VALUES('pubyearnc','',0,3);
INSERT INTO "cataloguetable" VALUES('pubyearnc','',0,3);
CREATE TABLE exemplairetable(numinv TEXT NOT NULL,exemplaireId TEXT,PRIMARY KEY(numinv,exemplaireId));
INSERT INTO "exemplairetable" VALUES('cs','');
INSERT INTO "exemplairetable" VALUES('cs','EX3');
INSERT INTO "exemplairetable" VALUES('subtp','EX4');
INSERT INTO "exemplairetable" VALUES('cs','EX4');
INSERT INTO "exemplairetable" VALUES('cs','EX5');
INSERT INTO "exemplairetable" VALUES('cs','EX6');
INSERT INTO "exemplairetable" VALUES('cs','EX1');
INSERT INTO "exemplairetable" VALUES('inv','EX2');
INSERT INTO "exemplairetable" VALUES('quanttest4','');
INSERT INTO "exemplairetable" VALUES('testSansPrix','EX3');
INSERT INTO "exemplairetable" VALUES('pubyearc','EX3');
INSERT INTO "exemplairetable" VALUES('pubyearnc','');
INSERT INTO "exemplairetable" VALUES('pubyearnc','EX1');
INSERT INTO "exemplairetable" VALUES('pubyearnc','EX4');
INSERT INTO "exemplairetable" VALUES('pubyearnc','EX6');
INSERT INTO "exemplairetable" VALUES('pubyearnc','EX8');
CREATE TABLE booktypetable(idx INTEGER PRIMARY KEY AUTOINCREMENT ,typename TEXT UNIQUE);
INSERT INTO "booktypetable" VALUES(1,'Mémoire');
INSERT INTO "booktypetable" VALUES(2,'Livre');
INSERT INTO "booktypetable" VALUES(3,'Article');
INSERT INTO "booktypetable" VALUES(4,'Thèse');
CREATE TABLE "numinvisbntable"(numinv TEXT,isbn TEXT);
INSERT INTO "numinvisbntable" VALUES('testNumInv','1235');
INSERT INTO "numinvisbntable" VALUES('inv','isbntest');
CREATE TABLE commenttable(numinv TEXT UNIQUE,commentId TEXT);
INSERT INTO "commenttable" VALUES('cs','Comment test string');
INSERT INTO "commenttable" VALUES('inv','Real comment');
INSERT INTO "commenttable" VALUES('quanttest4','Pas possible');
CREATE TABLE hirebooktable(emprunteurId INTEGER PRIMARY KEY AUTOINCREMENT,nomemprunteur TEXT,prenomemprunteur TEXT,
numinv TEXT,departmenId INTEGER,datesortie DATE);
CREATE TABLE emprunteurexemplairetable(emprunteurId INTEGER,numinv TEXT,exemplaireId TEXT);
COMMIT;
